{
  "parent": "item/generated",
  "textures": {
    "layer0": "item/book"
  },
  "overrides": [
    { "predicate": { "custom_model_data": 1001 }, "model": "item/component_hoa" },
    { "predicate": { "custom_model_data": 1002 }, "model": "item/component_bang" },
    { "predicate": { "custom_model_data": 1003 }, "model": "item/component_phong" },
    { "predicate": { "custom_model_data": 1004 }, "model": "item/component_loi" },
    { "predicate": { "custom_model_data": 1005 }, "model": "item/component_thuy" },
    { "predicate": { "custom_model_data": 1006 }, "model": "item/component_tho" },
    { "predicate": { "custom_model_data": 1007 }, "model": "item/component_kim" },
    { "predicate": { "custom_model_data": 1008 }, "model": "item/component_moc" },
    { "predicate": { "custom_model_data": 1009 }, "model": "item/component_khonggian" },
    { "predicate": { "custom_model_data": 1010 }, "model": "item/component_am" },
    { "predicate": { "custom_model_data": 1011 }, "model": "item/component_duong" },
    { "predicate": { "custom_model_data": 1012 }, "model": "item/component_thoigian" }
  ]
}