{
  "parent": "item/generated",
  "textures": {
    "layer0": "item/feather"
  },
  "overrides": [
    { "predicate": { "custom_model_data": 2001 }, "model": "item/shape_dan" },
    { "predicate": { "custom_model_data": 2002 }, "model": "item/shape_vong" },
    { "predicate": { "custom_model_data": 2003 }, "model": "item/shape_kiemlinh" },
    { "predicate": { "custom_model_data": 2004 }, "model": "item/shape_bocpha" },
    { "predicate": { "custom_model_data": 2005 }, "model": "item/shape_chuong" },
    { "predicate": { "custom_model_data": 2006 }, "model": "item/shape_hothuan" },
    { "predicate": { "custom_model_data": 2007 }, "model": "item/shape_phaptran" }
  ]
}