{
  "parent": "item/generated",
  "textures": {
    "layer0": "item/paper"
  },
  "overrides": [
    { "predicate": { "custom_model_data": 3001 }, "model": "item/modifier_tangsatthuong" },
    { "predicate": { "custom_model_data": 3002 }, "model": "item/modifier_giamtieuhao" },
    { "predicate": { "custom_model_data": 3003 }, "model": "item/modifier_thieudot" },
    { "predicate": { "custom_model_data": 3004 }, "model": "item/modifier_lamcham" },
    { "predicate": { "custom_model_data": 3005 }, "model": "item/modifier_choang" },
    { "predicate": { "custom_model_data": 3006 }, "model": "item/modifier_daylui" },
    { "predicate": { "custom_model_data": 3007 }, "model": "item/modifier_xuyengiap" },
    { "predicate": { "custom_model_data": 3008 }, "model": "item/modifier_tuhoiphuc" },
    { "predicate": { "custom_model_data": 3009 }, "model": "item/modifier_phanthan" },
    { "predicate": { "custom_model_data": 3010 }, "model": "item/modifier_keolai" },
    { "predicate": { "custom_model_data": 3011 }, "model": "item/modifier_dichchuyen" },
    { "predicate": { "custom_model_data": 3012 }, "model": "item/modifier_keodaihieuung" },
    { "predicate": { "custom_model_data": 3013 }, "model": "item/modifier_rutnganhoichieu" },
    { "predicate": { "custom_model_data": 3014 }, "model": "item/modifier_phantach" },
    { "predicate": { "custom_model_data": 3015 }, "model": "item/modifier_hutsinhluc" },
    { "predicate": { "custom_model_data": 3016 }, "model": "item/modifier_phandon" },
    { "predicate": { "custom_model_data": 3017 }, "model": "item/modifier_tanghinh" },
    { "predicate": { "custom_model_data": 3018 }, "model": "item/modifier_truytung" }
  ]
}